seq,firstname,lastname,age,city,state,zip
1,Lillie,Brooks,55,Varawak,SC,24402
2,Eugene,Rogers,36,Tecefoje,HI,53709
3,Elmer,Lopez,43,Fehesuw,TX,10936
4,Dorothy,Mitchell,36,Jerineogi,MT,83685
5,Virginia,Russell,40,Lottidve,NJ,67642
6,Nina,Medina,56,Luhaha,DC,37582
7,Dominic,Moss,22,Picalot,TX,05662
8,Ricky,Edwards,36,Suwombi,MT,92846
9,Belle,Saunders,28,Kudurhug,LA,20487
10,Bernice,McKinney,41,Ufmirgu,HI,42134
11,Amy,Wilkerson,49,Feurilu,ME,96745
12,Polly,Payne,31,Uwemakod,SD,67849
13,Patrick,Butler,60,Nelium,MI,09525
14,Billy,Nunez,34,Ogperel,LA,77994
15,Randy,Howell,24,Ivuveggok,IN,60640
16,Joel,Washington,24,Bevrosip,WY,39806
17,Lelia,Fisher,36,Ohlibir,IN,09729
18,Gabriel,Stewart,32,Roclohomo,WA,47225
19,Lula,Patton,40,Macdeil,WV,34586
20,Terry,Patterson,18,Kogdilaru,MN,81616
21,Wayne,Meyer,24,Kefsuwpig,WY,52519
22,Marion,Lewis,43,Cipgida,NV,14480
23,Jacob,Vasquez,46,Jabicuh,NC,88622
24,Walter,Newman,26,Tabahwo,MS,76298
25,Mitchell,Caldwell,54,Jeheise,RI,03618
26,Herman,Santiago,18,Zuglujaku,FL,79350
27,Walter,Elliott,44,Kitubtov,KS,83918
28,Rosa,Bishop,34,Helami,GA,68192
29,Alta,Walton,23,Riekejif,SD,19222
30,Minerva,Francis,36,Bojfeir,HI,44899
31,Lela,Allison,63,Hijzovpa,MN,04851
32,Bryan,Fleming,20,Haunitab,NC,16041
33,Flora,Mann,52,Janbatuh,WA,08548
34,Ann,Sanchez,49,Roulgab,ID,50230
35,Zachary,West,52,Pitavvu,MA,12272
36,Georgie,Walsh,44,Wucfabnir,CT,28387
37,Leona,Ortiz,39,Vegumo,IA,23393
38,Dale,Carlson,43,Umrene,SC,77993
39,Bobby,Moreno,53,Faraklol,MI,32434
40,Sylvia,Harris,65,Zapibibo,NE,78863
41,Alex,Wright,50,Momubkes,TN,42413
42,Roxie,Owens,30,Uzoadesa,FL,70221
43,Derek,Love,44,Zatabgav,ME,71630
44,Shawn,Stevenson,35,Igowutis,OK,21976
45,George,Reed,55,Nafsohce,UT,72900
46,Glen,Morrison,35,Mehwathi,SD,36162
47,Lily,Dunn,58,Edfajel,VT,30562
48,Rosie,Wood,20,Nolkuava,IL,55592
49,Cecilia,Schneider,27,Avehingum,WI,87665
50,Lenora,Stone,41,Wegukilem,UT,92687
51,Garrett,Arnold,55,Sulavbe,SD,60346
52,Mae,Gutierrez,34,Pigafbis,ME,88903
53,Marcus,Little,19,Comebimo,TX,06015
54,Steven,Brady,45,Bahzeik,PA,68900
55,Bill,Brady,47,Nusudveb,AL,84362
56,Mary,Moreno,42,Bewlona,NM,04668
57,Jose,Wolfe,59,Amuuncad,OK,00834
58,Elmer,Brewer,41,Erjuwgaz,ID,75537
59,Evelyn,Alvarez,29,Fetehu,AZ,65746
60,Hattie,Stone,21,Ifegigvud,NC,65958
61,Francis,McLaughlin,52,Culgivwur,OH,99035
62,Evelyn,Torres,37,Bigzovmi,NC,61081
63,Randy,Lewis,59,Ekewawej,NH,75336
64,Pauline,McCarthy,39,Johpokavu,TN,89176
65,Clarence,Armstrong,48,Gickubgu,KS,07032
66,Nannie,Cain,21,Nertargan,AZ,65411
67,Rosa,Poole,45,Lijizes,AR,38188
68,Daniel,Salazar,46,Kajallef,VT,33375
69,Sadie,Lyons,54,Wuclarvi,MO,78799
70,Manuel,Fowler,24,Douhme,CT,26184
71,Lydia,Alvarez,53,Viselwim,NY,37715
72,Elva,Reese,50,Nuwahkoh,NC,03946
73,Gregory,Dunn,40,Kinpijiw,VA,44241
74,Amelia,Miles,56,Lorowrip,MD,56645
75,Rosetta,Francis,28,Mucpuik,MA,94558
76,Kenneth,Rios,49,Kikvirat,SD,65630
77,Mable,Cortez,36,Vofkowmes,OK,75417
78,Kevin,Lamb,19,Gejubumo,TN,01002
79,Adeline,Coleman,39,Lefatguv,CA,46828
80,Daniel,Knight,50,Fuguwcib,SC,70978
81,Harriett,Walsh,23,Odizeej,WY,70856
82,Nannie,Duncan,29,Seehari,WI,92096
83,Ruth,Rodriquez,38,Woikigoc,DC,85427
84,Loretta,Robinson,32,Mujcemah,OK,26006
85,Adrian,Carroll,61,Focewud,MD,38782
86,Rosalie,Shelton,19,Nawoshe,MN,13386
87,Miguel,Pittman,34,Cuzegku,SD,97448
88,Brian,Park,48,Tovewi,WI,10341
89,Larry,Castillo,29,Novolzah,OH,02686
90,Ralph,Reeves,52,Usujka,IA,77366
91,Harriett,Poole,47,Zemihmar,WA,53838
92,Charles,Garza,29,Wiidnuf,MD,93142
93,Jackson,Butler,31,Poccamfe,LA,83234
94,Elva,Anderson,32,Cecasefeg,MD,76689
95,Jeanette,Richards,55,Tohasnu,VT,10574
96,Lula,Holland,40,Pafjiski,OH,96717
97,Jeremy,Hernandez,64,Sisajri,MS,53881
98,Henry,Perez,36,Mugdaja,OH,17073
99,Austin,Lane,22,Fomugne,FL,37097
100,Darrell,McCoy,39,Elihoare,UT,69724
